"filename", "language", "C#", "JSON", "ShaderLab", "XML", "HTML", "HLSL", "Markdown", "CSV", "comment", "blank", "total"
"c:\Users\grayj\Documents\Unity projects\CCUS Backup Restore\CCUS\CCUS-Unity-restore\Assets\BreatheAnimation.cs", "C#", 27, 0, 0, 0, 0, 0, 0, 0, 2, 10, 39
"c:\Users\grayj\Documents\Unity projects\CCUS Backup Restore\CCUS\CCUS-Unity-restore\Assets\CanvasScalarFactor.cs", "C#", 28, 0, 0, 0, 0, 0, 0, 0, 7, 12, 47
"c:\Users\grayj\Documents\Unity projects\CCUS Backup Restore\CCUS\CCUS-Unity-restore\Assets\DestroyCanvas.cs", "C#", 12, 0, 0, 0, 0, 0, 0, 0, 2, 5, 19
"c:\Users\grayj\Documents\Unity projects\CCUS Backup Restore\CCUS\CCUS-Unity-restore\Assets\DisplayButtonPrices.cs", "C#", 28, 0, 0, 0, 0, 0, 0, 0, 3, 10, 41
"c:\Users\grayj\Documents\Unity projects\CCUS Backup Restore\CCUS\CCUS-Unity-restore\Assets\Editor\SetObjectMaterialsToDitherShader.cs", "C#", 113, 0, 0, 0, 0, 0, 0, 0, 20, 30, 163
"c:\Users\grayj\Documents\Unity projects\CCUS Backup Restore\CCUS\CCUS-Unity-restore\Assets\Editor\deleteTileButton.cs", "C#", 62, 0, 0, 0, 0, 0, 0, 0, 7, 18, 87
"c:\Users\grayj\Documents\Unity projects\CCUS Backup Restore\CCUS\CCUS-Unity-restore\Assets\Editor\tileFactoryEditor.cs", "C#", 211, 0, 0, 0, 0, 0, 0, 0, 90, 108, 409
"c:\Users\grayj\Documents\Unity projects\CCUS Backup Restore\CCUS\CCUS-Unity-restore\Assets\Editor\tilePrefabEditor.cs", "C#", 62, 0, 0, 0, 0, 0, 0, 0, 21, 14, 97
"c:\Users\grayj\Documents\Unity projects\CCUS Backup Restore\CCUS\CCUS-Unity-restore\Assets\FlickerImage.cs", "C#", 29, 0, 0, 0, 0, 0, 0, 0, 1, 6, 36
"c:\Users\grayj\Documents\Unity projects\CCUS Backup Restore\CCUS\CCUS-Unity-restore\Assets\Kenney UI Asset Pack\Spritesheet\blueSheet.xml", "XML", 0, 0, 0, 28, 0, 0, 0, 0, 0, 0, 28
"c:\Users\grayj\Documents\Unity projects\CCUS Backup Restore\CCUS\CCUS-Unity-restore\Assets\Kenney UI Asset Pack\Spritesheet\greenSheet.xml", "XML", 0, 0, 0, 28, 0, 0, 0, 0, 0, 0, 28
"c:\Users\grayj\Documents\Unity projects\CCUS Backup Restore\CCUS\CCUS-Unity-restore\Assets\Kenney UI Asset Pack\Spritesheet\greySheet.xml", "XML", 0, 0, 0, 41, 0, 0, 0, 0, 0, 0, 41
"c:\Users\grayj\Documents\Unity projects\CCUS Backup Restore\CCUS\CCUS-Unity-restore\Assets\Kenney UI Asset Pack\Spritesheet\redSheet.xml", "XML", 0, 0, 0, 28, 0, 0, 0, 0, 0, 0, 28
"c:\Users\grayj\Documents\Unity projects\CCUS Backup Restore\CCUS\CCUS-Unity-restore\Assets\Kenney UI Asset Pack\Spritesheet\yellowSheet.xml", "XML", 0, 0, 0, 28, 0, 0, 0, 0, 0, 0, 28
"c:\Users\grayj\Documents\Unity projects\CCUS Backup Restore\CCUS\CCUS-Unity-restore\Assets\Kenney UI Asset Pack\Vector\UIpack_vector.svg", "XML", 0, 0, 0, 553, 0, 0, 0, 0, 0, 0, 553
"c:\Users\grayj\Documents\Unity projects\CCUS Backup Restore\CCUS\CCUS-Unity-restore\Assets\PeoplePanel.cs", "C#", 96, 0, 0, 0, 0, 0, 0, 0, 10, 23, 129
"c:\Users\grayj\Documents\Unity projects\CCUS Backup Restore\CCUS\CCUS-Unity-restore\Assets\PlayButtonNextScene.cs", "C#", 11, 0, 0, 0, 0, 0, 0, 0, 0, 2, 13
"c:\Users\grayj\Documents\Unity projects\CCUS Backup Restore\CCUS\CCUS-Unity-restore\Assets\Resources\Audio\AudioResourceMap.csv", "CSV", 0, 0, 0, 0, 0, 0, 0, 32, 0, 0, 32
"c:\Users\grayj\Documents\Unity projects\CCUS Backup Restore\CCUS\CCUS-Unity-restore\Assets\Resources\Audio\README.md", "Markdown", 0, 0, 0, 0, 0, 0, 17, 0, 0, 1, 18
"c:\Users\grayj\Documents\Unity projects\CCUS Backup Restore\CCUS\CCUS-Unity-restore\Assets\Samples\Shader Graph\12.1.10\Procedural Patterns\.sample.json", "JSON", 0, 6, 0, 0, 0, 0, 0, 0, 0, 1, 7
"c:\Users\grayj\Documents\Unity projects\CCUS Backup Restore\CCUS\CCUS-Unity-restore\Assets\Scriptables\Events\EventType.cs", "C#", 69, 0, 0, 0, 0, 0, 0, 0, 105, 23, 197
"c:\Users\grayj\Documents\Unity projects\CCUS Backup Restore\CCUS\CCUS-Unity-restore\Assets\Scriptables\Events\GeneralEventData.cs", "C#", 5, 0, 0, 0, 0, 0, 0, 0, 1, 1, 7
"c:\Users\grayj\Documents\Unity projects\CCUS Backup Restore\CCUS\CCUS-Unity-restore\Assets\Scriptables\Events\SpecialEventData.cs", "C#", 8, 0, 0, 0, 0, 0, 0, 0, 0, 2, 10
"c:\Users\grayj\Documents\Unity projects\CCUS Backup Restore\CCUS\CCUS-Unity-restore\Assets\Scriptables\Tile Factory References.cs", "C#", 7, 0, 0, 0, 0, 0, 0, 0, 1, 3, 11
"c:\Users\grayj\Documents\Unity projects\CCUS Backup Restore\CCUS\CCUS-Unity-restore\Assets\Scripts\.VSCodeCounter\2026-05-19_00-52-27\details.md", "Markdown", 0, 0, 0, 0, 0, 0, 164, 0, 0, 6, 170
"c:\Users\grayj\Documents\Unity projects\CCUS Backup Restore\CCUS\CCUS-Unity-restore\Assets\Scripts\.VSCodeCounter\2026-05-19_00-52-27\diff-details.md", "Markdown", 0, 0, 0, 0, 0, 0, 9, 0, 0, 6, 15
"c:\Users\grayj\Documents\Unity projects\CCUS Backup Restore\CCUS\CCUS-Unity-restore\Assets\Scripts\.VSCodeCounter\2026-05-19_00-52-27\diff.csv", "CSV", 0, 0, 0, 0, 0, 0, 0, 2, 0, 0, 2
"c:\Users\grayj\Documents\Unity projects\CCUS Backup Restore\CCUS\CCUS-Unity-restore\Assets\Scripts\.VSCodeCounter\2026-05-19_00-52-27\diff.md", "Markdown", 0, 0, 0, 0, 0, 0, 12, 0, 0, 7, 19
"c:\Users\grayj\Documents\Unity projects\CCUS Backup Restore\CCUS\CCUS-Unity-restore\Assets\Scripts\.VSCodeCounter\2026-05-19_00-52-27\results.csv", "CSV", 0, 0, 0, 0, 0, 0, 0, 157, 0, 0, 157
"c:\Users\grayj\Documents\Unity projects\CCUS Backup Restore\CCUS\CCUS-Unity-restore\Assets\Scripts\.VSCodeCounter\2026-05-19_00-52-27\results.json", "JSON", 0, 1, 0, 0, 0, 0, 0, 0, 0, 0, 1
"c:\Users\grayj\Documents\Unity projects\CCUS Backup Restore\CCUS\CCUS-Unity-restore\Assets\Scripts\.VSCodeCounter\2026-05-19_00-52-27\results.md", "Markdown", 0, 0, 0, 0, 0, 0, 34, 0, 0, 7, 41
"c:\Users\grayj\Documents\Unity projects\CCUS Backup Restore\CCUS\CCUS-Unity-restore\Assets\Scripts\ActionDelayer.cs", "C#", 24, 0, 0, 0, 0, 0, 0, 0, 1, 4, 29
"c:\Users\grayj\Documents\Unity projects\CCUS Backup Restore\CCUS\CCUS-Unity-restore\Assets\Scripts\AudioManager.cs", "C#", 258, 0, 0, 0, 0, 0, 0, 0, 99, 123, 480
"c:\Users\grayj\Documents\Unity projects\CCUS Backup Restore\CCUS\CCUS-Unity-restore\Assets\Scripts\AudioScripts\AudioData.cs", "C#", 23, 0, 0, 0, 0, 0, 0, 0, 0, 10, 33
"c:\Users\grayj\Documents\Unity projects\CCUS Backup Restore\CCUS\CCUS-Unity-restore\Assets\Scripts\AudioScripts\AudioEventListener.cs", "C#", 4, 0, 0, 0, 0, 0, 0, 0, 55, 23, 82
"c:\Users\grayj\Documents\Unity projects\CCUS Backup Restore\CCUS\CCUS-Unity-restore\Assets\Scripts\AudioScripts\PeopleButtonRisingSoundController.cs", "C#", 42, 0, 0, 0, 0, 0, 0, 0, 6, 14, 62
"c:\Users\grayj\Documents\Unity projects\CCUS Backup Restore\CCUS\CCUS-Unity-restore\Assets\Scripts\BuildingSystem.cs", "C#", 315, 0, 0, 0, 0, 0, 0, 0, 174, 152, 641
"c:\Users\grayj\Documents\Unity projects\CCUS Backup Restore\CCUS\CCUS-Unity-restore\Assets\Scripts\Contract Scripts\ContractData.cs", "C#", 19, 0, 0, 0, 0, 0, 0, 0, 5, 6, 30
"c:\Users\grayj\Documents\Unity projects\CCUS Backup Restore\CCUS\CCUS-Unity-restore\Assets\Scripts\Contract Scripts\ContractManager.cs", "C#", 48, 0, 0, 0, 0, 0, 0, 0, 9, 12, 69
"c:\Users\grayj\Documents\Unity projects\CCUS Backup Restore\CCUS\CCUS-Unity-restore\Assets\Scripts\Contract Scripts\ContractUIElement.cs", "C#", 93, 0, 0, 0, 0, 0, 0, 0, 11, 17, 121
"c:\Users\grayj\Documents\Unity projects\CCUS Backup Restore\CCUS\CCUS-Unity-restore\Assets\Scripts\DeafenFMODListener.cs", "C#", 9, 0, 0, 0, 0, 0, 0, 0, 15, 4, 28
"c:\Users\grayj\Documents\Unity projects\CCUS Backup Restore\CCUS\CCUS-Unity-restore\Assets\Scripts\DisableWorkplacesWithoutEmployees.cs", "C#", 4, 0, 0, 0, 0, 0, 0, 0, 74, 16, 94
"c:\Users\grayj\Documents\Unity projects\CCUS Backup Restore\CCUS\CCUS-Unity-restore\Assets\Scripts\EventManager.cs", "C#", 19, 0, 0, 0, 0, 0, 0, 0, 2, 4, 25
"c:\Users\grayj\Documents\Unity projects\CCUS Backup Restore\CCUS\CCUS-Unity-restore\Assets\Scripts\GameEventManager.cs", "C#", 33, 0, 0, 0, 0, 0, 0, 0, 78, 24, 135
"c:\Users\grayj\Documents\Unity projects\CCUS Backup Restore\CCUS\CCUS-Unity-restore\Assets\Scripts\GridDataLoader.cs", "C#", 130, 0, 0, 0, 0, 0, 0, 0, 42, 59, 231
"c:\Users\grayj\Documents\Unity projects\CCUS Backup Restore\CCUS\CCUS-Unity-restore\Assets\Scripts\GridManagement\GridChunk.cs", "C#", 255, 0, 0, 0, 0, 0, 0, 0, 37, 112, 404
"c:\Users\grayj\Documents\Unity projects\CCUS Backup Restore\CCUS\CCUS-Unity-restore\Assets\Scripts\GridManagement\TileMeshLoadManager.cs", "C#", 30, 0, 0, 0, 0, 0, 0, 0, 6, 17, 53
"c:\Users\grayj\Documents\Unity projects\CCUS Backup Restore\CCUS\CCUS-Unity-restore\Assets\Scripts\GridManager.cs", "C#", 133, 0, 0, 0, 0, 0, 0, 0, 69, 86, 288
"c:\Users\grayj\Documents\Unity projects\CCUS Backup Restore\CCUS\CCUS-Unity-restore\Assets\Scripts\GridTestScript.cs", "C#", 10, 0, 0, 0, 0, 0, 0, 0, 2, 5, 17
"c:\Users\grayj\Documents\Unity projects\CCUS Backup Restore\CCUS\CCUS-Unity-restore\Assets\Scripts\GroundAreaExpansion.cs", "C#", 126, 0, 0, 0, 0, 0, 0, 0, 48, 82, 256
"c:\Users\grayj\Documents\Unity projects\CCUS Backup Restore\CCUS\CCUS-Unity-restore\Assets\Scripts\LevelComplete.cs", "C#", 76, 0, 0, 0, 0, 0, 0, 0, 20, 16, 112
"c:\Users\grayj\Documents\Unity projects\CCUS Backup Restore\CCUS\CCUS-Unity-restore\Assets\Scripts\LevelManager.cs", "C#", 206, 0, 0, 0, 0, 0, 0, 0, 141, 74, 421
"c:\Users\grayj\Documents\Unity projects\CCUS Backup Restore\CCUS\CCUS-Unity-restore\Assets\Scripts\LevelSelectButton.cs", "C#", 18, 0, 0, 0, 0, 0, 0, 0, 2, 6, 26
"c:\Users\grayj\Documents\Unity projects\CCUS Backup Restore\CCUS\CCUS-Unity-restore\Assets\Scripts\LoadingScreen.cs", "C#", 39, 0, 0, 0, 0, 0, 0, 0, 2, 13, 54
"c:\Users\grayj\Documents\Unity projects\CCUS Backup Restore\CCUS\CCUS-Unity-restore\Assets\Scripts\MaxTileTypeCounter.cs", "C#", 33, 0, 0, 0, 0, 0, 0, 0, 29, 11, 73
"c:\Users\grayj\Documents\Unity projects\CCUS Backup Restore\CCUS\CCUS-Unity-restore\Assets\Scripts\MouseTracker.cs", "C#", 23, 0, 0, 0, 0, 0, 0, 0, 2, 5, 30
"c:\Users\grayj\Documents\Unity projects\CCUS Backup Restore\CCUS\CCUS-Unity-restore\Assets\Scripts\MusicManager.cs", "C#", 6, 0, 0, 0, 0, 0, 0, 0, 38, 13, 57
"c:\Users\grayj\Documents\Unity projects\CCUS Backup Restore\CCUS\CCUS-Unity-restore\Assets\Scripts\NetCarbonCounter.cs", "C#", 28, 0, 0, 0, 0, 0, 0, 0, 1, 8, 37
"c:\Users\grayj\Documents\Unity projects\CCUS Backup Restore\CCUS\CCUS-Unity-restore\Assets\Scripts\NetMoneyCounter.cs", "C#", 28, 0, 0, 0, 0, 0, 0, 0, 1, 7, 36
"c:\Users\grayj\Documents\Unity projects\CCUS Backup Restore\CCUS\CCUS-Unity-restore\Assets\Scripts\PeopleManager.cs", "C#", 105, 0, 0, 0, 0, 0, 0, 0, 37, 58, 200
"c:\Users\grayj\Documents\Unity projects\CCUS Backup Restore\CCUS\CCUS-Unity-restore\Assets\Scripts\PersonScripts\MoveObjectToPoint.cs", "C#", 59, 0, 0, 0, 0, 0, 0, 0, 12, 30, 101
"c:\Users\grayj\Documents\Unity projects\CCUS Backup Restore\CCUS\CCUS-Unity-restore\Assets\Scripts\PersonScripts\MovementPath.cs", "C#", 59, 0, 0, 0, 0, 0, 0, 0, 40, 27, 126
"c:\Users\grayj\Documents\Unity projects\CCUS Backup Restore\CCUS\CCUS-Unity-restore\Assets\Scripts\PersonScripts\MovementPathGenerator.cs", "C#", 215, 0, 0, 0, 0, 0, 0, 0, 93, 101, 409
"c:\Users\grayj\Documents\Unity projects\CCUS Backup Restore\CCUS\CCUS-Unity-restore\Assets\Scripts\PersonScripts\MovementPathMap.cs", "C#", 100, 0, 0, 0, 0, 0, 0, 0, 31, 38, 169
"c:\Users\grayj\Documents\Unity projects\CCUS Backup Restore\CCUS\CCUS-Unity-restore\Assets\Scripts\PersonScripts\NewPeopleCreator.cs", "C#", 50, 0, 0, 0, 0, 0, 0, 0, 14, 32, 96
"c:\Users\grayj\Documents\Unity projects\CCUS Backup Restore\CCUS\CCUS-Unity-restore\Assets\Scripts\PersonScripts\NewPersonAnimation.cs", "C#", 70, 0, 0, 0, 0, 0, 0, 0, 9, 26, 105
"c:\Users\grayj\Documents\Unity projects\CCUS Backup Restore\CCUS\CCUS-Unity-restore\Assets\Scripts\PersonScripts\PeopleChunkLoader.cs", "C#", 36, 0, 0, 0, 0, 0, 0, 0, 11, 24, 71
"c:\Users\grayj\Documents\Unity projects\CCUS Backup Restore\CCUS\CCUS-Unity-restore\Assets\Scripts\PersonScripts\PeopleMovementManager.cs", "C#", 167, 0, 0, 0, 0, 0, 0, 0, 57, 71, 295
"c:\Users\grayj\Documents\Unity projects\CCUS Backup Restore\CCUS\CCUS-Unity-restore\Assets\Scripts\PersonScripts\PersonWalk.cs", "C#", 54, 0, 0, 0, 0, 0, 0, 0, 11, 30, 95
"c:\Users\grayj\Documents\Unity projects\CCUS Backup Restore\CCUS\CCUS-Unity-restore\Assets\Scripts\PlayMusic.cs", "C#", 6, 0, 0, 0, 0, 0, 0, 0, 22, 3, 31
"c:\Users\grayj\Documents\Unity projects\CCUS Backup Restore\CCUS\CCUS-Unity-restore\Assets\Scripts\ProgressionManager.cs", "C#", 98, 0, 0, 0, 0, 0, 0, 0, 48, 49, 195
"c:\Users\grayj\Documents\Unity projects\CCUS Backup Restore\CCUS\CCUS-Unity-restore\Assets\Scripts\RandomTileGenerator.cs", "C#", 50, 0, 0, 0, 0, 0, 0, 0, 14, 20, 84
"c:\Users\grayj\Documents\Unity projects\CCUS Backup Restore\CCUS\CCUS-Unity-restore\Assets\Scripts\RemoteWebControl.cs", "C#", 48, 0, 0, 0, 0, 0, 0, 0, 12, 31, 91
"c:\Users\grayj\Documents\Unity projects\CCUS Backup Restore\CCUS\CCUS-Unity-restore\Assets\Scripts\RoadAndResidenceConnectionManager.cs", "C#", 141, 0, 0, 0, 0, 0, 0, 0, 51, 37, 229
"c:\Users\grayj\Documents\Unity projects\CCUS Backup Restore\CCUS\CCUS-Unity-restore\Assets\Scripts\SceneSwap.cs", "C#", 11, 0, 0, 0, 0, 0, 0, 0, 0, 2, 13
"c:\Users\grayj\Documents\Unity projects\CCUS Backup Restore\CCUS\CCUS-Unity-restore\Assets\Scripts\SceneTransitionManager.cs", "C#", 49, 0, 0, 0, 0, 0, 0, 0, 8, 11, 68
"c:\Users\grayj\Documents\Unity projects\CCUS Backup Restore\CCUS\CCUS-Unity-restore\Assets\Scripts\SpinObject.cs", "C#", 25, 0, 0, 0, 0, 0, 0, 0, 7, 7, 39
"c:\Users\grayj\Documents\Unity projects\CCUS Backup Restore\CCUS\CCUS-Unity-restore\Assets\Scripts\TemporaryPeopleManager.cs", "C#", 7, 0, 0, 0, 0, 0, 0, 0, 67, 20, 94
"c:\Users\grayj\Documents\Unity projects\CCUS Backup Restore\CCUS\CCUS-Unity-restore\Assets\Scripts\Testing Scripts\GridVisualizer.cs", "C#", 11, 0, 0, 0, 0, 0, 0, 0, 0, 3, 14
"c:\Users\grayj\Documents\Unity projects\CCUS Backup Restore\CCUS\CCUS-Unity-restore\Assets\Scripts\Testing Scripts\WeirdBugTester.cs", "C#", 10, 0, 0, 0, 0, 0, 0, 0, 2, 5, 17
"c:\Users\grayj\Documents\Unity projects\CCUS Backup Restore\CCUS\CCUS-Unity-restore\Assets\Scripts\TickManager.cs", "C#", 63, 0, 0, 0, 0, 0, 0, 0, 9, 14, 86
"c:\Users\grayj\Documents\Unity projects\CCUS Backup Restore\CCUS\CCUS-Unity-restore\Assets\Scripts\TileTypeCounter.cs", "C#", 250, 0, 0, 0, 0, 0, 0, 0, 73, 63, 386
"c:\Users\grayj\Documents\Unity projects\CCUS Backup Restore\CCUS\CCUS-Unity-restore\Assets\Scripts\Tiles\ActivatableBuilding.cs", "C#", 7, 0, 0, 0, 0, 0, 0, 0, 35, 13, 55
"c:\Users\grayj\Documents\Unity projects\CCUS Backup Restore\CCUS\CCUS-Unity-restore\Assets\Scripts\Tiles\ActivatableTile.cs", "C#", 104, 0, 0, 0, 0, 0, 0, 0, 30, 53, 187
"c:\Users\grayj\Documents\Unity projects\CCUS Backup Restore\CCUS\CCUS-Unity-restore\Assets\Scripts\Tiles\CarbonCaptureTile.cs", "C#", 34, 0, 0, 0, 0, 0, 0, 0, 4, 11, 49
"c:\Users\grayj\Documents\Unity projects\CCUS Backup Restore\CCUS\CCUS-Unity-restore\Assets\Scripts\Tiles\ConnectedTileHandler.cs", "C#", 218, 0, 0, 0, 0, 0, 0, 0, 26, 44, 288
"c:\Users\grayj\Documents\Unity projects\CCUS Backup Restore\CCUS\CCUS-Unity-restore\Assets\Scripts\Tiles\ConnectedTileScriptableObject.cs", "C#", 21, 0, 0, 0, 0, 0, 0, 0, 6, 5, 32
"c:\Users\grayj\Documents\Unity projects\CCUS Backup Restore\CCUS\CCUS-Unity-restore\Assets\Scripts\Tiles\Decorator\ObjectVariation.cs", "C#", 39, 0, 0, 0, 0, 0, 0, 0, 11, 17, 67
"c:\Users\grayj\Documents\Unity projects\CCUS Backup Restore\CCUS\CCUS-Unity-restore\Assets\Scripts\Tiles\Decorator\TileDecorator.cs", "C#", 6, 0, 0, 0, 0, 0, 0, 0, 0, 3, 9
"c:\Users\grayj\Documents\Unity projects\CCUS Backup Restore\CCUS\CCUS-Unity-restore\Assets\Scripts\Tiles\DirectionalCollision.cs", "C#", 24, 0, 0, 0, 0, 0, 0, 0, 11, 6, 41
"c:\Users\grayj\Documents\Unity projects\CCUS Backup Restore\CCUS\CCUS-Unity-restore\Assets\Scripts\Tiles\FactoryTile.cs", "C#", 18, 0, 0, 0, 0, 0, 0, 0, 40, 12, 70
"c:\Users\grayj\Documents\Unity projects\CCUS Backup Restore\CCUS\CCUS-Unity-restore\Assets\Scripts\Tiles\MouseHoverHideTile.cs", "C#", 124, 0, 0, 0, 0, 0, 0, 0, 10, 25, 159
"c:\Users\grayj\Documents\Unity projects\CCUS Backup Restore\CCUS\CCUS-Unity-restore\Assets\Scripts\Tiles\ObjectDrag.cs", "C#", 207, 0, 0, 0, 0, 0, 0, 0, 136, 106, 449
"c:\Users\grayj\Documents\Unity projects\CCUS Backup Restore\CCUS\CCUS-Unity-restore\Assets\Scripts\Tiles\PlaceableObject.cs", "C#", 58, 0, 0, 0, 0, 0, 0, 0, 8, 25, 91
"c:\Users\grayj\Documents\Unity projects\CCUS Backup Restore\CCUS\CCUS-Unity-restore\Assets\Scripts\Tiles\ResidentialBuilding.cs", "C#", 25, 0, 0, 0, 0, 0, 0, 0, 92, 32, 149
"c:\Users\grayj\Documents\Unity projects\CCUS Backup Restore\CCUS\CCUS-Unity-restore\Assets\Scripts\Tiles\RoadConnections.cs", "C#", 129, 0, 0, 0, 0, 0, 0, 0, 40, 33, 202
"c:\Users\grayj\Documents\Unity projects\CCUS Backup Restore\CCUS\CCUS-Unity-restore\Assets\Scripts\Tiles\RoadTile.cs", "C#", 20, 0, 0, 0, 0, 0, 0, 0, 12, 10, 42
"c:\Users\grayj\Documents\Unity projects\CCUS Backup Restore\CCUS\CCUS-Unity-restore\Assets\Scripts\Tiles\Tile.cs", "C#", 216, 0, 0, 0, 0, 0, 0, 0, 75, 106, 397
"c:\Users\grayj\Documents\Unity projects\CCUS Backup Restore\CCUS\CCUS-Unity-restore\Assets\Scripts\Tiles\TileConnectionAdjacent.cs", "C#", 89, 0, 0, 0, 0, 0, 0, 0, 10, 18, 117
"c:\Users\grayj\Documents\Unity projects\CCUS Backup Restore\CCUS\CCUS-Unity-restore\Assets\Scripts\Tiles\TileMaterialHandler.cs", "C#", 126, 0, 0, 0, 0, 0, 0, 0, 105, 46, 277
"c:\Users\grayj\Documents\Unity projects\CCUS Backup Restore\CCUS\CCUS-Unity-restore\Assets\Scripts\Tiles\TileMeshLoader.cs", "C#", 47, 0, 0, 0, 0, 0, 0, 0, 10, 29, 86
"c:\Users\grayj\Documents\Unity projects\CCUS Backup Restore\CCUS\CCUS-Unity-restore\Assets\Scripts\Tiles\TileScriptableObject.cs", "C#", 33, 0, 0, 0, 0, 0, 0, 0, 5, 14, 52
"c:\Users\grayj\Documents\Unity projects\CCUS Backup Restore\CCUS\CCUS-Unity-restore\Assets\Scripts\Tiles\WindTurbineTile.cs", "C#", 18, 0, 0, 0, 0, 0, 0, 0, 0, 5, 23
"c:\Users\grayj\Documents\Unity projects\CCUS Backup Restore\CCUS\CCUS-Unity-restore\Assets\Scripts\TouchModeHandler.cs", "C#", 26, 0, 0, 0, 0, 0, 0, 0, 0, 11, 37
"c:\Users\grayj\Documents\Unity projects\CCUS Backup Restore\CCUS\CCUS-Unity-restore\Assets\Scripts\UI Scripts\ActivateChunkPurchaseUI.cs", "C#", 54, 0, 0, 0, 0, 0, 0, 0, 2, 21, 77
"c:\Users\grayj\Documents\Unity projects\CCUS Backup Restore\CCUS\CCUS-Unity-restore\Assets\Scripts\UI Scripts\ButtonPopupWindow.cs", "C#", 17, 0, 0, 0, 0, 0, 0, 0, 2, 4, 23
"c:\Users\grayj\Documents\Unity projects\CCUS Backup Restore\CCUS\CCUS-Unity-restore\Assets\Scripts\UI Scripts\CameraMove.cs", "C#", 38, 0, 0, 0, 0, 0, 0, 0, 0, 9, 47
"c:\Users\grayj\Documents\Unity projects\CCUS Backup Restore\CCUS\CCUS-Unity-restore\Assets\Scripts\UI Scripts\CameraMovement.cs", "C#", 19, 0, 0, 0, 0, 0, 0, 0, 2, 9, 30
"c:\Users\grayj\Documents\Unity projects\CCUS Backup Restore\CCUS\CCUS-Unity-restore\Assets\Scripts\UI Scripts\CarbonDial\CarbonDial.cs", "C#", 61, 0, 0, 0, 0, 0, 0, 0, 7, 23, 91
"c:\Users\grayj\Documents\Unity projects\CCUS Backup Restore\CCUS\CCUS-Unity-restore\Assets\Scripts\UI Scripts\CarbonDial\CarbonDialColor.cs", "C#", 29, 0, 0, 0, 0, 0, 0, 0, 3, 6, 38
"c:\Users\grayj\Documents\Unity projects\CCUS Backup Restore\CCUS\CCUS-Unity-restore\Assets\Scripts\UI Scripts\CarbonDial\CarbonDialSmoothMove.cs", "C#", 44, 0, 0, 0, 0, 0, 0, 0, 4, 8, 56
"c:\Users\grayj\Documents\Unity projects\CCUS Backup Restore\CCUS\CCUS-Unity-restore\Assets\Scripts\UI Scripts\CarbonDial\ImageFillAmount.cs", "C#", 19, 0, 0, 0, 0, 0, 0, 0, 1, 3, 23
"c:\Users\grayj\Documents\Unity projects\CCUS Backup Restore\CCUS\CCUS-Unity-restore\Assets\Scripts\UI Scripts\CarbonDial\RotateBetweenValues.cs", "C#", 36, 0, 0, 0, 0, 0, 0, 0, 1, 9, 46
"c:\Users\grayj\Documents\Unity projects\CCUS Backup Restore\CCUS\CCUS-Unity-restore\Assets\Scripts\UI Scripts\CarbonRotate.cs", "C#", 50, 0, 0, 0, 0, 0, 0, 0, 6, 13, 69
"c:\Users\grayj\Documents\Unity projects\CCUS Backup Restore\CCUS\CCUS-Unity-restore\Assets\Scripts\UI Scripts\ChangeOpacity.cs", "C#", 41, 0, 0, 0, 0, 0, 0, 0, 1, 5, 47
"c:\Users\grayj\Documents\Unity projects\CCUS Backup Restore\CCUS\CCUS-Unity-restore\Assets\Scripts\UI Scripts\ChunkPurchaseManager.cs", "C#", 75, 0, 0, 0, 0, 0, 0, 0, 16, 24, 115
"c:\Users\grayj\Documents\Unity projects\CCUS Backup Restore\CCUS\CCUS-Unity-restore\Assets\Scripts\UI Scripts\ContractComplete.cs", "C#", 12, 0, 0, 0, 0, 0, 0, 0, 2, 3, 17
"c:\Users\grayj\Documents\Unity projects\CCUS Backup Restore\CCUS\CCUS-Unity-restore\Assets\Scripts\UI Scripts\ErrorGraphicDisplayer.cs", "C#", 34, 0, 0, 0, 0, 0, 0, 0, 5, 11, 50
"c:\Users\grayj\Documents\Unity projects\CCUS Backup Restore\CCUS\CCUS-Unity-restore\Assets\Scripts\UI Scripts\FadeGraphic.cs", "C#", 77, 0, 0, 0, 0, 0, 0, 0, 5, 24, 106
"c:\Users\grayj\Documents\Unity projects\CCUS Backup Restore\CCUS\CCUS-Unity-restore\Assets\Scripts\UI Scripts\HighlightedTileGraphic.cs", "C#", 42, 0, 0, 0, 0, 0, 0, 0, 9, 11, 62
"c:\Users\grayj\Documents\Unity projects\CCUS Backup Restore\CCUS\CCUS-Unity-restore\Assets\Scripts\UI Scripts\MaxCarbonCaptureTileError.cs", "C#", 28, 0, 0, 0, 0, 0, 0, 0, 6, 6, 40
"c:\Users\grayj\Documents\Unity projects\CCUS Backup Restore\CCUS\CCUS-Unity-restore\Assets\Scripts\UI Scripts\MoneyPanel\MoneyPanel.cs", "C#", 40, 0, 0, 0, 0, 0, 0, 0, 3, 15, 58
"c:\Users\grayj\Documents\Unity projects\CCUS Backup Restore\CCUS\CCUS-Unity-restore\Assets\Scripts\UI Scripts\MouseHoverTransparency.cs", "C#", 150, 0, 0, 0, 0, 0, 0, 0, 100, 79, 329
"c:\Users\grayj\Documents\Unity projects\CCUS Backup Restore\CCUS\CCUS-Unity-restore\Assets\Scripts\UI Scripts\MouseOverImage.cs", "C#", 11, 0, 0, 0, 0, 0, 0, 0, 0, 4, 15
"c:\Users\grayj\Documents\Unity projects\CCUS Backup Restore\CCUS\CCUS-Unity-restore\Assets\Scripts\UI Scripts\MouseScreenPosition.cs", "C#", 14, 0, 0, 0, 0, 0, 0, 0, 2, 6, 22
"c:\Users\grayj\Documents\Unity projects\CCUS Backup Restore\CCUS\CCUS-Unity-restore\Assets\Scripts\UI Scripts\PanelOpener.cs", "C#", 32, 0, 0, 0, 0, 0, 0, 0, 3, 8, 43
"c:\Users\grayj\Documents\Unity projects\CCUS Backup Restore\CCUS\CCUS-Unity-restore\Assets\Scripts\UI Scripts\PeoplePanel\EmploymentPanel.cs", "C#", 22, 0, 0, 0, 0, 0, 0, 0, 6, 13, 41
"c:\Users\grayj\Documents\Unity projects\CCUS Backup Restore\CCUS\CCUS-Unity-restore\Assets\Scripts\UI Scripts\PeoplePanel\FlowFillAmount.cs", "C#", 49, 0, 0, 0, 0, 0, 0, 0, 2, 21, 72
"c:\Users\grayj\Documents\Unity projects\CCUS Backup Restore\CCUS\CCUS-Unity-restore\Assets\Scripts\UI Scripts\PeoplePanel\FlowFillMaskSpriteSwap.cs", "C#", 30, 0, 0, 0, 0, 0, 0, 0, 2, 4, 36
"c:\Users\grayj\Documents\Unity projects\CCUS Backup Restore\CCUS\CCUS-Unity-restore\Assets\Scripts\UI Scripts\PeoplePanel\PeoplePanelActivator.cs", "C#", 58, 0, 0, 0, 0, 0, 0, 0, 19, 25, 102
"c:\Users\grayj\Documents\Unity projects\CCUS Backup Restore\CCUS\CCUS-Unity-restore\Assets\Scripts\UI Scripts\PressPeopleButton.cs", "C#", 105, 0, 0, 0, 0, 0, 0, 0, 38, 58, 201
"c:\Users\grayj\Documents\Unity projects\CCUS Backup Restore\CCUS\CCUS-Unity-restore\Assets\Scripts\UI Scripts\RectTransformFunctions.cs", "C#", 46, 0, 0, 0, 0, 0, 0, 0, 3, 12, 61
"c:\Users\grayj\Documents\Unity projects\CCUS Backup Restore\CCUS\CCUS-Unity-restore\Assets\Scripts\UI Scripts\ResourcePanelManager.cs", "C#", 33, 0, 0, 0, 0, 0, 0, 0, 44, 20, 97
"c:\Users\grayj\Documents\Unity projects\CCUS Backup Restore\CCUS\CCUS-Unity-restore\Assets\Scripts\UI Scripts\ScrollingUI.cs", "C#", 119, 0, 0, 0, 0, 0, 0, 0, 27, 37, 183
"c:\Users\grayj\Documents\Unity projects\CCUS Backup Restore\CCUS\CCUS-Unity-restore\Assets\Scripts\UI Scripts\ShakeGraphic.cs", "C#", 67, 0, 0, 0, 0, 0, 0, 0, 5, 12, 84
"c:\Users\grayj\Documents\Unity projects\CCUS Backup Restore\CCUS\CCUS-Unity-restore\Assets\Scripts\UI Scripts\SizingEmphasis.cs", "C#", 51, 0, 0, 0, 0, 0, 0, 0, 8, 10, 69
"c:\Users\grayj\Documents\Unity projects\CCUS Backup Restore\CCUS\CCUS-Unity-restore\Assets\Scripts\UI Scripts\SlideInAnimation.cs", "C#", 75, 0, 0, 0, 0, 0, 0, 0, 0, 16, 91
"c:\Users\grayj\Documents\Unity projects\CCUS Backup Restore\CCUS\CCUS-Unity-restore\Assets\Scripts\UI Scripts\SmoothMovementBetweenValues.cs", "C#", 9, 0, 0, 0, 0, 0, 0, 0, 0, 3, 12
"c:\Users\grayj\Documents\Unity projects\CCUS Backup Restore\CCUS\CCUS-Unity-restore\Assets\Scripts\UI Scripts\SwitchChunkArrowManager.cs", "C#", 26, 0, 0, 0, 0, 0, 0, 0, 0, 8, 34
"c:\Users\grayj\Documents\Unity projects\CCUS Backup Restore\CCUS\CCUS-Unity-restore\Assets\Scripts\UI Scripts\TaskManager.cs", "C#", 53, 0, 0, 0, 0, 0, 0, 0, 0, 10, 63
"c:\Users\grayj\Documents\Unity projects\CCUS Backup Restore\CCUS\CCUS-Unity-restore\Assets\Scripts\UI Scripts\TileSelectPanel.cs", "C#", 223, 0, 0, 0, 0, 0, 0, 0, 31, 64, 318
"c:\Users\grayj\Documents\Unity projects\CCUS Backup Restore\CCUS\CCUS-Unity-restore\Assets\Scripts\UI Scripts\TileSelectPanel\MouseDownOnScrollArrow.cs", "C#", 21, 0, 0, 0, 0, 0, 0, 0, 2, 9, 32
"c:\Users\grayj\Documents\Unity projects\CCUS Backup Restore\CCUS\CCUS-Unity-restore\Assets\Scripts\UI Scripts\TileSelectPanel\NewTileArrow.cs", "C#", 61, 0, 0, 0, 0, 0, 0, 0, 9, 32, 102
"c:\Users\grayj\Documents\Unity projects\CCUS Backup Restore\CCUS\CCUS-Unity-restore\Assets\Scripts\UI Scripts\TileSelectPanel\ScrollTouchInput.cs", "C#", 48, 0, 0, 0, 0, 0, 0, 0, 8, 27, 83
"c:\Users\grayj\Documents\Unity projects\CCUS Backup Restore\CCUS\CCUS-Unity-restore\Assets\Scripts\UI Scripts\TileSelectPanel\TileSelectPanelScroll.cs", "C#", 81, 0, 0, 0, 0, 0, 0, 0, 18, 48, 147
"c:\Users\grayj\Documents\Unity projects\CCUS Backup Restore\CCUS\CCUS-Unity-restore\Assets\Scripts\UI Scripts\ToolTips\ToolTipArrow.cs", "C#", 26, 0, 0, 0, 0, 0, 0, 0, 4, 9, 39
"c:\Users\grayj\Documents\Unity projects\CCUS Backup Restore\CCUS\CCUS-Unity-restore\Assets\Scripts\UI Scripts\ToolTips\ToolTipFormatting.cs", "C#", 36, 0, 0, 0, 0, 0, 0, 0, 87, 24, 147
"c:\Users\grayj\Documents\Unity projects\CCUS Backup Restore\CCUS\CCUS-Unity-restore\Assets\Scripts\UI Scripts\ToolTips\ToolTipManager.cs", "C#", 91, 0, 0, 0, 0, 0, 0, 0, 32, 53, 176
"c:\Users\grayj\Documents\Unity projects\CCUS Backup Restore\CCUS\CCUS-Unity-restore\Assets\Scripts\UI Scripts\ToolTips\ToolTipSizing.cs", "C#", 4, 0, 0, 0, 0, 0, 0, 0, 0, 7, 11
"c:\Users\grayj\Documents\Unity projects\CCUS Backup Restore\CCUS\CCUS-Unity-restore\Assets\Scripts\UI Scripts\ToolTips\Types of ToolTips\CarbonToolTip.cs", "C#", 17, 0, 0, 0, 0, 0, 0, 0, 0, 3, 20
"c:\Users\grayj\Documents\Unity projects\CCUS Backup Restore\CCUS\CCUS-Unity-restore\Assets\Scripts\UI Scripts\ToolTips\Types of ToolTips\DePollutionToolTip.cs", "C#", 17, 0, 0, 0, 0, 0, 0, 0, 0, 4, 21
"c:\Users\grayj\Documents\Unity projects\CCUS Backup Restore\CCUS\CCUS-Unity-restore\Assets\Scripts\UI Scripts\ToolTips\Types of ToolTips\EmployeesRequiredToolTip.cs", "C#", 17, 0, 0, 0, 0, 0, 0, 0, 0, 3, 20
"c:\Users\grayj\Documents\Unity projects\CCUS Backup Restore\CCUS\CCUS-Unity-restore\Assets\Scripts\UI Scripts\ToolTips\Types of ToolTips\MaxCarbonCaptureToolTip.cs", "C#", 15, 0, 0, 0, 0, 0, 0, 0, 0, 3, 18
"c:\Users\grayj\Documents\Unity projects\CCUS Backup Restore\CCUS\CCUS-Unity-restore\Assets\Scripts\UI Scripts\ToolTips\Types of ToolTips\MoneyToolTip.cs", "C#", 17, 0, 0, 0, 0, 0, 0, 0, 0, 3, 20
"c:\Users\grayj\Documents\Unity projects\CCUS Backup Restore\CCUS\CCUS-Unity-restore\Assets\Scripts\UI Scripts\ToolTips\Types of ToolTips\PeopleHousedToolTip.cs", "C#", 24, 0, 0, 0, 0, 0, 0, 0, 1, 4, 29
"c:\Users\grayj\Documents\Unity projects\CCUS Backup Restore\CCUS\CCUS-Unity-restore\Assets\Scripts\UI Scripts\ToolTips\Types of ToolTips\RoadConnectionsRequiredToolTip.cs", "C#", 16, 0, 0, 0, 0, 0, 0, 0, 3, 5, 24
"c:\Users\grayj\Documents\Unity projects\CCUS Backup Restore\CCUS\CCUS-Unity-restore\Assets\Scripts\UI Scripts\ToolTips\Types of ToolTips\RoadExplanationToolTip.cs", "C#", 11, 0, 0, 0, 0, 0, 0, 0, 1, 3, 15
"c:\Users\grayj\Documents\Unity projects\CCUS Backup Restore\CCUS\CCUS-Unity-restore\Assets\Scripts\UI Scripts\ToolTips\Types of ToolTips\ToolTipLabel.cs", "C#", 14, 0, 0, 0, 0, 0, 0, 0, 2, 3, 19
"c:\Users\grayj\Documents\Unity projects\CCUS Backup Restore\CCUS\CCUS-Unity-restore\Assets\Scripts\UI Scripts\ToolTips\Types of ToolTips\ToolTipType.cs", "C#", 26, 0, 0, 0, 0, 0, 0, 0, 3, 8, 37
"c:\Users\grayj\Documents\Unity projects\CCUS Backup Restore\CCUS\CCUS-Unity-restore\Assets\Scripts\UI Scripts\TutorialTips\ClickAndDragTutorialTip.cs", "C#", 37, 0, 0, 0, 0, 0, 0, 0, 6, 13, 56
"c:\Users\grayj\Documents\Unity projects\CCUS Backup Restore\CCUS\CCUS-Unity-restore\Assets\Scripts\UI Scripts\TutorialTips\ClickOnTileToSelectTutorialTip.cs", "C#", 30, 0, 0, 0, 0, 0, 0, 0, 15, 10, 55
"c:\Users\grayj\Documents\Unity projects\CCUS Backup Restore\CCUS\CCUS-Unity-restore\Assets\Scripts\UI Scripts\TutorialTips\ConnectHousesTutorialTip.cs", "C#", 33, 0, 0, 0, 0, 0, 0, 0, 15, 17, 65
"c:\Users\grayj\Documents\Unity projects\CCUS Backup Restore\CCUS\CCUS-Unity-restore\Assets\Scripts\UI Scripts\TutorialTips\ConnectedFactoriesTutorialTip.cs", "C#", 44, 0, 0, 0, 0, 0, 0, 0, 11, 12, 67
"c:\Users\grayj\Documents\Unity projects\CCUS Backup Restore\CCUS\CCUS-Unity-restore\Assets\Scripts\UI Scripts\TutorialTips\FadeChildGraphicsToTransparency.cs", "C#", 76, 0, 0, 0, 0, 0, 0, 0, 8, 18, 102
"c:\Users\grayj\Documents\Unity projects\CCUS Backup Restore\CCUS\CCUS-Unity-restore\Assets\Scripts\UI Scripts\TutorialTips\GrassUnderBuildingsTutorialTip.cs", "C#", 49, 0, 0, 0, 0, 0, 0, 0, 7, 17, 73
"c:\Users\grayj\Documents\Unity projects\CCUS Backup Restore\CCUS\CCUS-Unity-restore\Assets\Scripts\UI Scripts\TutorialTips\MoreAreaAvailableTutorialTip.cs", "C#", 36, 0, 0, 0, 0, 0, 0, 0, 8, 14, 58
"c:\Users\grayj\Documents\Unity projects\CCUS Backup Restore\CCUS\CCUS-Unity-restore\Assets\Scripts\UI Scripts\TutorialTips\NewAreaUnlockedTutorialTip.cs", "C#", 38, 0, 0, 0, 0, 0, 0, 0, 8, 11, 57
"c:\Users\grayj\Documents\Unity projects\CCUS Backup Restore\CCUS\CCUS-Unity-restore\Assets\Scripts\UI Scripts\TutorialTips\PeopleMakeMoneyTutorialTip.cs", "C#", 27, 0, 0, 0, 0, 0, 0, 0, 7, 19, 53
"c:\Users\grayj\Documents\Unity projects\CCUS Backup Restore\CCUS\CCUS-Unity-restore\Assets\Scripts\UI Scripts\TutorialTips\TreesRemoveCarbonTutorialTip.cs", "C#", 35, 0, 0, 0, 0, 0, 0, 0, 7, 13, 55
"c:\Users\grayj\Documents\Unity projects\CCUS Backup Restore\CCUS\CCUS-Unity-restore\Assets\Scripts\UI Scripts\TutorialTips\TutorialTip.cs", "C#", 57, 0, 0, 0, 0, 0, 0, 0, 31, 30, 118
"c:\Users\grayj\Documents\Unity projects\CCUS Backup Restore\CCUS\CCUS-Unity-restore\Assets\Scripts\UI Scripts\TutorialTips\TutorialTipGraphicsActivationManager.cs", "C#", 25, 0, 0, 0, 0, 0, 0, 0, 5, 7, 37
"c:\Users\grayj\Documents\Unity projects\CCUS Backup Restore\CCUS\CCUS-Unity-restore\Assets\Scripts\UI Scripts\TutorialTips\TutorialTipManager.cs", "C#", 85, 0, 0, 0, 0, 0, 0, 0, 46, 42, 173
"c:\Users\grayj\Documents\Unity projects\CCUS Backup Restore\CCUS\CCUS-Unity-restore\Assets\Scripts\UI Scripts\UIPopUpHideOnMouseOver.cs", "C#", 30, 0, 0, 0, 0, 0, 0, 0, 7, 5, 42
"c:\Users\grayj\Documents\Unity projects\CCUS Backup Restore\CCUS\CCUS-Unity-restore\Assets\Scripts\UI Scripts\UIPopUpMoveScript.cs", "C#", 19, 0, 0, 0, 0, 0, 0, 0, 1, 5, 25
"c:\Users\grayj\Documents\Unity projects\CCUS Backup Restore\CCUS\CCUS-Unity-restore\Assets\Scripts\UI Scripts\UIPopUpSize.cs", "C#", 31, 0, 0, 0, 0, 0, 0, 0, 2, 9, 42
"c:\Users\grayj\Documents\Unity projects\CCUS Backup Restore\CCUS\CCUS-Unity-restore\Assets\Scripts\UI Scripts\UIPopUps.cs", "C#", 85, 0, 0, 0, 0, 0, 0, 0, 24, 29, 138
"c:\Users\grayj\Documents\Unity projects\CCUS Backup Restore\CCUS\CCUS-Unity-restore\Assets\Scripts\UI Scripts\UnhideUIElement.cs", "C#", 66, 0, 0, 0, 0, 0, 0, 0, 7, 26, 99
"c:\Users\grayj\Documents\Unity projects\CCUS Backup Restore\CCUS\CCUS-Unity-restore\Assets\Scripts\UI Scripts\YearClockSpinner.cs", "C#", 15, 0, 0, 0, 0, 0, 0, 0, 0, 7, 22
"c:\Users\grayj\Documents\Unity projects\CCUS Backup Restore\CCUS\CCUS-Unity-restore\Assets\Scripts\UI Scripts\buttonScript.cs", "C#", 23, 0, 0, 0, 0, 0, 0, 0, 2, 11, 36
"c:\Users\grayj\Documents\Unity projects\CCUS Backup Restore\CCUS\CCUS-Unity-restore\Assets\Scripts\UI Scripts\dollarSignScript.cs", "C#", 19, 0, 0, 0, 0, 0, 0, 0, 1, 6, 26
"c:\Users\grayj\Documents\Unity projects\CCUS Backup Restore\CCUS\CCUS-Unity-restore\Assets\Scripts\UI Scripts\testTileSelectPanel.cs", "C#", 16, 0, 0, 0, 0, 0, 0, 0, 0, 1, 17
"c:\Users\grayj\Documents\Unity projects\CCUS Backup Restore\CCUS\CCUS-Unity-restore\Assets\Scripts\UI Scripts\unableToPlaceTileUI.cs", "C#", 66, 0, 0, 0, 0, 0, 0, 0, 33, 45, 144
"c:\Users\grayj\Documents\Unity projects\CCUS Backup Restore\CCUS\CCUS-Unity-restore\Assets\Scripts\[OUTDATED]UI Scripts\ContractExample.cs", "C#", 11, 0, 0, 0, 0, 0, 0, 0, 1, 2, 14
"c:\Users\grayj\Documents\Unity projects\CCUS Backup Restore\CCUS\CCUS-Unity-restore\Assets\Scripts\[OUTDATED]UI Scripts\ContractInfoPannel.cs", "C#", 33, 0, 0, 0, 0, 0, 0, 0, 3, 8, 44
"c:\Users\grayj\Documents\Unity projects\CCUS Backup Restore\CCUS\CCUS-Unity-restore\Assets\Scripts\[OUTDATED]UI Scripts\ProgressBar.cs", "C#", 46, 0, 0, 0, 0, 0, 0, 0, 12, 14, 72
"c:\Users\grayj\Documents\Unity projects\CCUS Backup Restore\CCUS\CCUS-Unity-restore\Assets\Scripts\creativeModeScript.cs", "C#", 56, 0, 0, 0, 0, 0, 0, 0, 17, 23, 96
"c:\Users\grayj\Documents\Unity projects\CCUS Backup Restore\CCUS\CCUS-Unity-restore\Assets\StarsWobble.cs", "C#", 29, 0, 0, 0, 0, 0, 0, 0, 2, 13, 44
"c:\Users\grayj\Documents\Unity projects\CCUS Backup Restore\CCUS\CCUS-Unity-restore\Assets\TextMesh Pro\Examples & Extras\Scripts\Benchmark01.cs", "C#", 63, 0, 0, 0, 0, 0, 0, 0, 29, 37, 129
"c:\Users\grayj\Documents\Unity projects\CCUS Backup Restore\CCUS\CCUS-Unity-restore\Assets\TextMesh Pro\Examples & Extras\Scripts\Benchmark01_UGUI.cs", "C#", 59, 0, 0, 0, 0, 0, 0, 0, 37, 40, 136
"c:\Users\grayj\Documents\Unity projects\CCUS Backup Restore\CCUS\CCUS-Unity-restore\Assets\TextMesh Pro\Examples & Extras\Scripts\Benchmark02.cs", "C#", 65, 0, 0, 0, 0, 0, 0, 0, 6, 27, 98
"c:\Users\grayj\Documents\Unity projects\CCUS Backup Restore\CCUS\CCUS-Unity-restore\Assets\TextMesh Pro\Examples & Extras\Scripts\Benchmark03.cs", "C#", 73, 0, 0, 0, 0, 0, 0, 0, 1, 19, 93
"c:\Users\grayj\Documents\Unity projects\CCUS Backup Restore\CCUS\CCUS-Unity-restore\Assets\TextMesh Pro\Examples & Extras\Scripts\Benchmark04.cs", "C#", 41, 0, 0, 0, 0, 0, 0, 0, 26, 19, 86
"c:\Users\grayj\Documents\Unity projects\CCUS Backup Restore\CCUS\CCUS-Unity-restore\Assets\TextMesh Pro\Examples & Extras\Scripts\CameraController.cs", "C#", 198, 0, 0, 0, 0, 0, 0, 0, 25, 69, 292
"c:\Users\grayj\Documents\Unity projects\CCUS Backup Restore\CCUS\CCUS-Unity-restore\Assets\TextMesh Pro\Examples & Extras\Scripts\ChatController.cs", "C#", 31, 0, 0, 0, 0, 0, 0, 0, 5, 16, 52
"c:\Users\grayj\Documents\Unity projects\CCUS Backup Restore\CCUS\CCUS-Unity-restore\Assets\TextMesh Pro\Examples & Extras\Scripts\DropdownSample.cs", "C#", 15, 0, 0, 0, 0, 0, 0, 0, 0, 5, 20
"c:\Users\grayj\Documents\Unity projects\CCUS Backup Restore\CCUS\CCUS-Unity-restore\Assets\TextMesh Pro\Examples & Extras\Scripts\EnvMapAnimator.cs", "C#", 23, 0, 0, 0, 0, 0, 0, 0, 4, 9, 36
"c:\Users\grayj\Documents\Unity projects\CCUS Backup Restore\CCUS\CCUS-Unity-restore\Assets\TextMesh Pro\Examples & Extras\Scripts\ObjectSpin.cs", "C#", 50, 0, 0, 0, 0, 0, 0, 0, 4, 13, 67
"c:\Users\grayj\Documents\Unity projects\CCUS Backup Restore\CCUS\CCUS-Unity-restore\Assets\TextMesh Pro\Examples & Extras\Scripts\ShaderPropAnimator.cs", "C#", 33, 0, 0, 0, 0, 0, 0, 0, 5, 14, 52
"c:\Users\grayj\Documents\Unity projects\CCUS Backup Restore\CCUS\CCUS-Unity-restore\Assets\TextMesh Pro\Examples & Extras\Scripts\SimpleScript.cs", "C#", 24, 0, 0, 0, 0, 0, 0, 0, 15, 20, 59
"c:\Users\grayj\Documents\Unity projects\CCUS Backup Restore\CCUS\CCUS-Unity-restore\Assets\TextMesh Pro\Examples & Extras\Scripts\SkewTextExample.cs", "C#", 95, 0, 0, 0, 0, 0, 0, 0, 18, 46, 159
"c:\Users\grayj\Documents\Unity projects\CCUS Backup Restore\CCUS\CCUS-Unity-restore\Assets\TextMesh Pro\Examples & Extras\Scripts\TMP_DigitValidator.cs", "C#", 19, 0, 0, 0, 0, 0, 0, 0, 5, 4, 28
"c:\Users\grayj\Documents\Unity projects\CCUS Backup Restore\CCUS\CCUS-Unity-restore\Assets\TextMesh Pro\Examples & Extras\Scripts\TMP_ExampleScript_01.cs", "C#", 37, 0, 0, 0, 0, 0, 0, 0, 9, 19, 65
"c:\Users\grayj\Documents\Unity projects\CCUS Backup Restore\CCUS\CCUS-Unity-restore\Assets\TextMesh Pro\Examples & Extras\Scripts\TMP_FrameRateCounter.cs", "C#", 91, 0, 0, 0, 0, 0, 0, 0, 11, 33, 135
"c:\Users\grayj\Documents\Unity projects\CCUS Backup Restore\CCUS\CCUS-Unity-restore\Assets\TextMesh Pro\Examples & Extras\Scripts\TMP_PhoneNumberValidator.cs", "C#", 93, 0, 0, 0, 0, 0, 0, 0, 7, 6, 106
"c:\Users\grayj\Documents\Unity projects\CCUS Backup Restore\CCUS\CCUS-Unity-restore\Assets\TextMesh Pro\Examples & Extras\Scripts\TMP_TextEventCheck.cs", "C#", 56, 0, 0, 0, 0, 0, 0, 0, 1, 17, 74
"c:\Users\grayj\Documents\Unity projects\CCUS Backup Restore\CCUS\CCUS-Unity-restore\Assets\TextMesh Pro\Examples & Extras\Scripts\TMP_TextEventHandler.cs", "C#", 172, 0, 0, 0, 0, 0, 0, 0, 36, 56, 264
"c:\Users\grayj\Documents\Unity projects\CCUS Backup Restore\CCUS\CCUS-Unity-restore\Assets\TextMesh Pro\Examples & Extras\Scripts\TMP_TextInfoDebugTool.cs", "C#", 409, 0, 0, 0, 0, 0, 0, 0, 97, 147, 653
"c:\Users\grayj\Documents\Unity projects\CCUS Backup Restore\CCUS\CCUS-Unity-restore\Assets\TextMesh Pro\Examples & Extras\Scripts\TMP_TextSelector_A.cs", "C#", 100, 0, 0, 0, 0, 0, 0, 0, 17, 41, 158
"c:\Users\grayj\Documents\Unity projects\CCUS Backup Restore\CCUS\CCUS-Unity-restore\Assets\TextMesh Pro\Examples & Extras\Scripts\TMP_TextSelector_B.cs", "C#", 250, 0, 0, 0, 0, 0, 0, 0, 191, 107, 548
"c:\Users\grayj\Documents\Unity projects\CCUS Backup Restore\CCUS\CCUS-Unity-restore\Assets\TextMesh Pro\Examples & Extras\Scripts\TMP_UiFrameRateCounter.cs", "C#", 96, 0, 0, 0, 0, 0, 0, 0, 1, 28, 125
"c:\Users\grayj\Documents\Unity projects\CCUS Backup Restore\CCUS\CCUS-Unity-restore\Assets\TextMesh Pro\Examples & Extras\Scripts\TMPro_InstructionOverlay.cs", "C#", 55, 0, 0, 0, 0, 0, 0, 0, 6, 24, 85
"c:\Users\grayj\Documents\Unity projects\CCUS Backup Restore\CCUS\CCUS-Unity-restore\Assets\TextMesh Pro\Examples & Extras\Scripts\TeleType.cs", "C#", 40, 0, 0, 0, 0, 0, 0, 0, 15, 28, 83
"c:\Users\grayj\Documents\Unity projects\CCUS Backup Restore\CCUS\CCUS-Unity-restore\Assets\TextMesh Pro\Examples & Extras\Scripts\TextConsoleSimulator.cs", "C#", 79, 0, 0, 0, 0, 0, 0, 0, 13, 29, 121
"c:\Users\grayj\Documents\Unity projects\CCUS Backup Restore\CCUS\CCUS-Unity-restore\Assets\TextMesh Pro\Examples & Extras\Scripts\TextMeshProFloatingText.cs", "C#", 135, 0, 0, 0, 0, 0, 0, 0, 32, 57, 224
"c:\Users\grayj\Documents\Unity projects\CCUS Backup Restore\CCUS\CCUS-Unity-restore\Assets\TextMesh Pro\Examples & Extras\Scripts\TextMeshSpawner.cs", "C#", 46, 0, 0, 0, 0, 0, 0, 0, 13, 21, 80
"c:\Users\grayj\Documents\Unity projects\CCUS Backup Restore\CCUS\CCUS-Unity-restore\Assets\TextMesh Pro\Examples & Extras\Scripts\VertexColorCycler.cs", "C#", 48, 0, 0, 0, 0, 0, 0, 0, 13, 24, 85
"c:\Users\grayj\Documents\Unity projects\CCUS Backup Restore\CCUS\CCUS-Unity-restore\Assets\TextMesh Pro\Examples & Extras\Scripts\VertexJitter.cs", "C#", 105, 0, 0, 0, 0, 0, 0, 0, 26, 44, 175
"c:\Users\grayj\Documents\Unity projects\CCUS Backup Restore\CCUS\CCUS-Unity-restore\Assets\TextMesh Pro\Examples & Extras\Scripts\VertexShakeA.cs", "C#", 99, 0, 0, 0, 0, 0, 0, 0, 23, 39, 161
"c:\Users\grayj\Documents\Unity projects\CCUS Backup Restore\CCUS\CCUS-Unity-restore\Assets\TextMesh Pro\Examples & Extras\Scripts\VertexShakeB.cs", "C#", 112, 0, 0, 0, 0, 0, 0, 0, 29, 44, 185
"c:\Users\grayj\Documents\Unity projects\CCUS Backup Restore\CCUS\CCUS-Unity-restore\Assets\TextMesh Pro\Examples & Extras\Scripts\VertexZoom.cs", "C#", 112, 0, 0, 0, 0, 0, 0, 0, 32, 48, 192
"c:\Users\grayj\Documents\Unity projects\CCUS Backup Restore\CCUS\CCUS-Unity-restore\Assets\TextMesh Pro\Examples & Extras\Scripts\WarpTextExample.cs", "C#", 87, 0, 0, 0, 0, 0, 0, 0, 15, 43, 145
"c:\Users\grayj\Documents\Unity projects\CCUS Backup Restore\CCUS\CCUS-Unity-restore\Assets\TextMesh Pro\Shaders\SDFFunctions.hlsl", "HLSL", 0, 0, 0, 0, 0, 130, 0, 0, 18, 31, 179
"c:\Users\grayj\Documents\Unity projects\CCUS Backup Restore\CCUS\CCUS-Unity-restore\Assets\TextMesh Pro\Shaders\TMP_Bitmap-Custom-Atlas.shader", "ShaderLab", 0, 0, 113, 0, 0, 0, 0, 0, 2, 31, 146
"c:\Users\grayj\Documents\Unity projects\CCUS Backup Restore\CCUS\CCUS-Unity-restore\Assets\TextMesh Pro\Shaders\TMP_Bitmap-Mobile.shader", "ShaderLab", 0, 0, 123, 0, 0, 0, 0, 0, 3, 30, 156
"c:\Users\grayj\Documents\Unity projects\CCUS Backup Restore\CCUS\CCUS-Unity-restore\Assets\TextMesh Pro\Shaders\TMP_Bitmap.shader", "ShaderLab", 0, 0, 113, 0, 0, 0, 0, 0, 2, 31, 146
"c:\Users\grayj\Documents\Unity projects\CCUS Backup Restore\CCUS\CCUS-Unity-restore\Assets\TextMesh Pro\Shaders\TMP_SDF Overlay.shader", "ShaderLab", 0, 0, 253, 0, 0, 0, 0, 0, 4, 70, 327
"c:\Users\grayj\Documents\Unity projects\CCUS Backup Restore\CCUS\CCUS-Unity-restore\Assets\TextMesh Pro\Shaders\TMP_SDF SSD.shader", "ShaderLab", 0, 0, 253, 0, 0, 0, 0, 0, 4, 65, 322
"c:\Users\grayj\Documents\Unity projects\CCUS Backup Restore\CCUS\CCUS-Unity-restore\Assets\TextMesh Pro\Shaders\TMP_SDF-Mobile Masking.shader", "ShaderLab", 0, 0, 198, 0, 0, 0, 0, 0, 10, 51, 259
"c:\Users\grayj\Documents\Unity projects\CCUS Backup Restore\CCUS\CCUS-Unity-restore\Assets\TextMesh Pro\Shaders\TMP_SDF-Mobile Overlay.shader", "ShaderLab", 0, 0, 193, 0, 0, 0, 0, 0, 8, 52, 253
"c:\Users\grayj\Documents\Unity projects\CCUS Backup Restore\CCUS\CCUS-Unity-restore\Assets\TextMesh Pro\Shaders\TMP_SDF-Mobile SSD.shader", "ShaderLab", 0, 0, 82, 0, 0, 0, 0, 0, 4, 21, 107
"c:\Users\grayj\Documents\Unity projects\CCUS Backup Restore\CCUS\CCUS-Unity-restore\Assets\TextMesh Pro\Shaders\TMP_SDF-Mobile-2-Pass.shader", "ShaderLab", 0, 0, 290, 0, 0, 0, 0, 0, 15, 85, 390
"c:\Users\grayj\Documents\Unity projects\CCUS Backup Restore\CCUS\CCUS-Unity-restore\Assets\TextMesh Pro\Shaders\TMP_SDF-Mobile.shader", "ShaderLab", 0, 0, 192, 0, 0, 0, 0, 0, 8, 51, 251
"c:\Users\grayj\Documents\Unity projects\CCUS Backup Restore\CCUS\CCUS-Unity-restore\Assets\TextMesh Pro\Shaders\TMP_SDF-Surface-Mobile.shader", "ShaderLab", 0, 0, 104, 0, 0, 0, 0, 0, 8, 28, 140
"c:\Users\grayj\Documents\Unity projects\CCUS Backup Restore\CCUS\CCUS-Unity-restore\Assets\TextMesh Pro\Shaders\TMP_SDF-Surface.shader", "ShaderLab", 0, 0, 123, 0, 0, 0, 0, 0, 4, 33, 160
"c:\Users\grayj\Documents\Unity projects\CCUS Backup Restore\CCUS\CCUS-Unity-restore\Assets\TextMesh Pro\Shaders\TMP_SDF.shader", "ShaderLab", 0, 0, 253, 0, 0, 0, 0, 0, 4, 70, 327
"c:\Users\grayj\Documents\Unity projects\CCUS Backup Restore\CCUS\CCUS-Unity-restore\Assets\TextMesh Pro\Shaders\TMP_Sprite.shader", "ShaderLab", 0, 0, 111, 0, 0, 0, 0, 0, 0, 21, 132
"c:\Users\grayj\Documents\Unity projects\CCUS Backup Restore\CCUS\CCUS-Unity-restore\Assets\TextMesh Pro\Shaders\TMPro.cginc", "HLSL", 0, 0, 0, 0, 0, 63, 0, 0, 2, 20, 85
"c:\Users\grayj\Documents\Unity projects\CCUS Backup Restore\CCUS\CCUS-Unity-restore\Assets\TextMesh Pro\Shaders\TMPro_Mobile.cginc", "HLSL", 0, 0, 0, 0, 0, 129, 0, 0, 2, 35, 166
"c:\Users\grayj\Documents\Unity projects\CCUS Backup Restore\CCUS\CCUS-Unity-restore\Assets\TextMesh Pro\Shaders\TMPro_Properties.cginc", "HLSL", 0, 0, 0, 0, 0, 62, 0, 0, 6, 13, 81
"c:\Users\grayj\Documents\Unity projects\CCUS Backup Restore\CCUS\CCUS-Unity-restore\Assets\TextMesh Pro\Shaders\TMPro_Surface.cginc", "HLSL", 0, 0, 0, 0, 0, 75, 0, 0, 7, 18, 100
"c:\Users\grayj\Documents\Unity projects\CCUS Backup Restore\CCUS\CCUS-Unity-restore\Assets\TextMesh Pro\Sprites\EmojiOne.json", "JSON", 0, 155, 0, 0, 0, 0, 0, 0, 0, 2, 157
"c:\Users\grayj\Documents\Unity projects\CCUS Backup Restore\CCUS\CCUS-Unity-restore\Assets\TrashButtonScript.cs", "C#", 108, 0, 0, 0, 0, 0, 0, 0, 12, 39, 159
"c:\Users\grayj\Documents\Unity projects\CCUS Backup Restore\CCUS\CCUS-Unity-restore\Assets\UIFeedbackObject.cs", "C#", 30, 0, 0, 0, 0, 0, 0, 0, 3, 18, 51
"c:\Users\grayj\Documents\Unity projects\CCUS Backup Restore\CCUS\CCUS-Unity-restore\Assets\WebGLTemplates\BetterMinimal\index.html", "HTML", 0, 0, 0, 0, 111, 0, 0, 0, 0, 12, 123
"Total", "-", 12770, 162, 2401, 706, 111, 459, 236, 191, 4247, 5853, 27136